"name","attack","base_egg_steps","base_happiness","capture_rate","classfication","defense","experience_growth","height_m","hp","percentage_male","pokedex_number","sp_attack","sp_defense","speed","type1","type2","weight_kg","generation","is_legendary"
Swablu,40,5120,70,255.0,Cotton Bird Pokémon,60,600000,0.4,45,333,40,75,50,normal,flying,1.2,3,False
Budew,30,5120,70,255.0,Bud Pokémon,35,1059860,0.2,40,406,50,70,55,grass,poison,1.2,4,False
Minun,40,5120,70,200.0,Cheering Pokémon,50,1000000,0.4,60,312,75,85,95,electric,,4.2,3,False
Metapod,20,3840,70,120.0,Cocoon Pokémon,55,1000000,0.7,50,11,25,25,30,bug,,9.9,1,False
Chikorita,49,5120,70,45.0,Leaf Pokémon,65,1059860,0.9,45,152,49,65,45,grass,,6.4,2,False
Pinsir,155,6400,70,45.0,Stagbeetle Pokémon,120,1250000,1.5,65,127,65,90,105,bug,,55.0,1,False
Cinccino,95,3840,70,60.0,Scarf Pokémon,60,800000,0.5,75,573,65,60,115,normal,,7.5,5,False
Elgyem,55,5120,70,255.0,Cerebral Pokémon,55,1000000,0.5,55,605,85,55,30,psychic,,9.0,5,False
Foongus,55,5120,70,190.0,Mushroom Pokémon,45,1000000,0.2,69,590,55,55,15,grass,poison,1.0,5,False
Ariados,90,3840,70,90.0,Long Leg Pokémon,70,800000,1.1,70,168,60,70,40,bug,poison,33.5,2,False
Aipom,70,5120,70,45.0,Long Tail Pokémon,55,800000,0.8,55,190,40,55,85,normal,,11.5,2,False
Accelgor,70,3840,70,75.0,Shell Out Pokémon,40,1000000,0.8,80,617,100,60,145,bug,,25.3,5,False
Dialga,120,30720,0,3.0,Temporal Pokémon,120,1250000,5.4,100,483,150,100,90,steel,dragon,683.0,4,True
Starly,55,3840,70,255.0,Starling Pokémon,30,1059860,0.3,40,396,30,30,60,normal,flying,2.0,4,False
Ledyba,20,3840,70,255.0,Five Star Pokémon,30,800000,1.0,40,165,40,80,55,bug,flying,10.8,2,False
Politoed,75,5120,70,45.0,Frog Pokémon,75,1059860,1.1,90,186,90,100,70,water,,33.9,2,False
Dodrio,110,5120,70,45.0,Triple Bird Pokémon,70,1000000,1.8,60,85,60,60,110,normal,flying,85.2,1,False
Aggron,140,8960,35,45.0,Iron Armor Pokémon,230,1250000,2.1,70,306,60,80,50,steel,rock,360.0,3,False
Mankey,80,5120,70,190.0,Pig Monkey Pokémon,35,1000000,0.5,40,56,35,45,70,fighting,,28.0,1,False
Hitmonlee,120,6400,70,45.0,Kicking Pokémon,53,1000000,1.5,50,106,35,110,87,fighting,,49.8,1,False
Oshawott,55,5120,70,45.0,Sea Otter Pokémon,45,1059860,0.5,55,501,63,45,45,water,,5.9,5,False
Cyndaquil,52,5120,70,45.0,Fire Mouse Pokémon,43,1059860,0.5,39,155,60,50,65,fire,,7.9,2,False
Goldeen,67,5120,70,225.0,Goldfish Pokémon,60,1000000,0.6,45,118,35,50,63,water,,15.0,1,False
Swinub,50,5120,70,225.0,Pig Pokémon,40,1250000,0.4,50,220,30,30,50,ice,ground,6.5,2,False
Nihilego,53,30720,0,45.0,Parasite Pokémon,47,1250000,1.2,109,793,127,131,103,rock,poison,55.5,7,True
Mudkip,70,5120,70,45.0,Mud Fish Pokémon,50,1059860,0.4,50,258,50,50,40,water,,7.6,3,False
Sewaddle,53,3840,70,255.0,Sewing Pokémon,70,1059860,0.3,45,540,40,60,42,bug,grass,2.5,5,False
Weezing,90,5120,70,60.0,Poison Gas Pokémon,120,1000000,1.2,65,110,85,70,60,poison,,9.5,1,False
Grumpig,45,5120,70,60.0,Manipulate Pokémon,65,800000,0.9,80,326,90,110,80,psychic,,71.5,3,False
Lopunny,136,5120,140,60.0,Rabbit Pokémon,94,1000000,1.2,65,428,54,96,135,normal,,33.3,4,False
Togepi,20,2560,70,190.0,Spike Ball Pokémon,65,800000,0.3,35,175,40,65,20,fairy,,1.5,2,False
Teddiursa,80,5120,70,120.0,Little Bear Pokémon,50,1000000,0.6,60,216,50,50,40,normal,,8.8,2,False
Lampent,40,5120,70,90.0,Lamp Pokémon,60,1059860,0.6,60,608,95,60,55,ghost,fire,13.0,5,False
Palkia,120,30720,0,3.0,Spatial Pokémon,100,1250000,4.2,90,484,150,120,100,water,dragon,336.0,4,True
Shroomish,40,3840,70,255.0,Mushroom Pokémon,60,1640000,0.4,60,285,40,60,35,grass,,4.5,3,False
Porygon-Z,80,5120,70,30.0,Virtual Pokémon,70,1000000,0.9,85,474,135,75,90,normal,,34.0,4,False
Flygon,100,5120,70,45.0,Mystic Pokémon,80,1059860,2.0,80,330,80,80,100,ground,dragon,82.0,3,False
Tynamo,55,5120,70,190.0,EleFish Pokémon,40,1250000,0.2,35,602,45,40,60,electric,,0.3,5,False
Machop,80,5120,70,180.0,Superpower Pokémon,50,1059860,0.8,70,66,35,35,35,fighting,,19.5,1,False
Zekrom,150,30720,0,3.0,Deep Black Pokémon,120,1250000,2.9,100,644,120,100,90,dragon,electric,345.0,5,True
Wigglytuff,70,2560,70,50.0,Balloon Pokémon,45,800000,1.0,140,40,85,50,45,normal,fairy,12.0,1,False
Heracross,185,6400,70,45.0,Singlehorn Pokémon,115,1250000,1.5,80,214,40,105,75,bug,fighting,54.0,2,False
Archeops,140,7680,70,45.0,First Bird Pokémon,65,1000000,1.4,75,567,112,65,110,rock,flying,32.0,5,False
Gyarados,155,1280,70,45.0,Atrocious Pokémon,109,1250000,6.5,95,130,70,130,81,water,flying,235.0,1,False
Gliscor,95,5120,70,30.0,Fang Scorp Pokémon,125,1059860,2.0,75,472,45,75,95,ground,flying,42.5,4,False
Tranquill,77,3840,70,120.0,Wild Pigeon Pokémon,62,1059860,0.6,62,520,50,42,65,normal,flying,15.0,5,False
Gardevoir,85,5120,35,45.0,Embrace Pokémon,65,1250000,1.6,68,282,165,135,100,psychic,fairy,48.4,3,False
Azelf,125,20480,140,3.0,Willpower Pokémon,70,1250000,0.3,75,482,125,70,115,psychic,,0.3,4,True
Regice,50,20480,35,3.0,Iceberg Pokémon,100,1250000,1.8,80,378,100,200,50,ice,,175.0,3,True
Roselia,60,5120,70,150.0,Thorn Pokémon,45,1059860,0.3,50,315,100,80,65,grass,poison,2.0,3,False
Chimecho,50,6400,70,45.0,Wind Chime Pokémon,80,800000,0.6,75,358,95,90,65,psychic,,1.0,3,False
Bounsweet,30,5120,70,235.0,Fruit Pokémon,38,1059860,0.3,42,761,30,38,32,grass,,3.2,7,False
Pikachu,55,2560,70,190.0,Mouse Pokémon,40,1000000,0.4,35,25,50,50,90,electric,,6.0,1,False
Articuno,85,20480,35,3.0,Freeze Pokémon,100,1250000,1.7,90,144,95,125,85,ice,flying,55.4,1,True
Machoke,100,5120,70,90.0,Superpower Pokémon,70,1059860,1.5,80,67,50,60,45,fighting,,70.5,1,False
Gumshoos,110,3840,70,127.0,Stakeout Pokémon,60,1000000,0.7,88,735,55,60,45,normal,,14.2,7,False
Pikipek,75,3840,70,255.0,Woodpecker Pokémon,30,1000000,0.3,35,731,30,30,65,normal,flying,1.2,7,False
Cloyster,95,5120,70,60.0,Bivalve Pokémon,180,1250000,1.5,50,91,85,45,70,water,ice,132.5,1,False
Crawdaunt,120,3840,70,155.0,Rogue Pokémon,85,1640000,1.1,63,342,90,55,55,water,dark,32.8,3,False
Whismur,51,5120,70,190.0,Whisper Pokémon,23,1059860,0.6,64,293,51,23,28,normal,,16.3,3,False
Silcoon,35,3840,70,120.0,Cocoon Pokémon,55,1000000,0.6,50,266,25,25,15,bug,,10.0,3,False
Chandelure,55,5120,70,45.0,Luring Pokémon,90,1059860,1.0,60,609,145,90,80,ghost,fire,34.3,5,False
Jumpluff,55,5120,70,45.0,Cottonweed Pokémon,70,1059860,0.8,75,189,55,95,110,grass,flying,3.0,2,False
Amoonguss,85,5120,70,75.0,Mushroom Pokémon,70,1000000,0.6,114,591,85,80,30,grass,poison,10.5,5,False
Victreebel,105,5120,70,45.0,Flycatcher Pokémon,65,1059860,1.7,80,71,100,70,70,grass,poison,15.5,1,False
Metagross,145,10240,35,3.0,Iron Leg Pokémon,150,1250000,1.6,80,376,105,110,110,steel,psychic,550.0,3,False
Braixen,59,5120,70,45.0,Fox Pokémon,58,1059860,1.0,59,654,90,70,73,fire,,14.5,6,False
Tapu Bulu,130,3840,70,3.0,Land Spirit Pokémon,115,1250000,1.9,70,787,85,95,75,grass,fairy,45.5,7,True
Magikarp,10,1280,70,255.0,Fish Pokémon,55,1250000,0.9,20,129,15,20,80,water,,10.0,1,False
Simisear,98,5120,70,75.0,Ember Pokémon,63,1000000,1.0,75,514,98,63,101,fire,,28.0,5,False
Charjabug,82,3840,70,120.0,Battery Pokémon,95,1000000,0.5,57,737,55,75,36,bug,electric,10.5,7,False
Ducklett,44,5120,70,190.0,Water Bird Pokémon,50,1000000,0.5,62,580,44,50,55,water,flying,5.5,5,False
Eelektrik,85,5120,70,60.0,EleFish Pokémon,70,1250000,1.2,65,603,75,70,40,electric,,22.0,5,False
Gallade,165,5120,35,45.0,Blade Pokémon,95,1250000,1.6,68,475,65,115,110,psychic,fighting,52.0,4,False
Fletchling,50,3840,70,255.0,Tiny Robin Pokémon,43,1059860,0.3,45,661,40,38,62,normal,flying,1.7,6,False
Murkrow,85,5120,35,30.0,Darkness Pokémon,42,1059860,0.5,60,198,85,42,91,dark,flying,2.1,2,False
Noctowl,50,3840,70,90.0,Owl Pokémon,50,1000000,1.6,100,164,86,96,70,normal,flying,40.8,2,False
Anorith,95,7680,70,45.0,Old Shrimp Pokémon,50,600000,0.7,45,347,40,50,75,rock,bug,12.5,3,False
Forretress,90,5120,70,75.0,Bagworm Pokémon,140,1000000,1.2,75,205,60,60,40,bug,steel,125.8,2,False
Nidorino,72,5120,70,120.0,Poison Pin Pokémon,57,1059860,0.9,61,33,55,55,65,poison,,19.5,1,False
Ferroseed,50,5120,70,255.0,Thorn Seed Pokémon,91,1000000,0.6,44,597,24,86,10,grass,steel,18.8,5,False
Chingling,30,6400,70,120.0,Bell Pokémon,50,800000,0.2,45,433,65,50,45,psychic,,0.6,4,False
Duskull,40,6400,35,190.0,Requiem Pokémon,90,800000,0.8,20,355,30,90,25,ghost,,15.0,3,False
Mimikyu,90,5120,70,45.0,Disguise Pokémon,80,1000000,0.2,55,778,50,105,96,ghost,fairy,0.7,7,False
Fearow,90,3840,70,90.0,Beak Pokémon,65,1000000,1.2,65,22,61,61,100,normal,flying,38.0,1,False
Reshiram,120,30720,0,3.0,Vast White Pokémon,100,1250000,3.2,100,643,150,120,90,dragon,fire,330.0,5,True
Magnemite,35,5120,70,190.0,Magnet Pokémon,70,1000000,0.3,25,81,95,55,45,electric,steel,6.0,1,False
Huntail,104,5120,70,60.0,Deep Sea Pokémon,105,600000,1.7,55,367,94,75,52,water,,27.0,3,False
Ambipom,100,5120,100,45.0,Long Tail Pokémon,66,800000,1.2,75,424,60,66,115,normal,,20.3,4,False
Snivy,45,5120,70,45.0,Grass Snake Pokémon,55,1059860,0.6,45,495,45,55,63,grass,,8.1,5,False
Spinda,60,3840,70,255.0,Spot Panda Pokémon,60,800000,1.1,60,327,60,60,60,normal,,5.0,3,False
Croagunk,61,2560,100,140.0,Toxic Mouth Pokémon,40,1000000,0.7,48,453,61,40,50,poison,fighting,23.0,4,False
Mesprit,105,20480,140,3.0,Emotion Pokémon,105,1250000,0.3,80,481,105,105,80,psychic,,0.3,4,True
Poliwag,50,5120,70,255.0,Tadpole Pokémon,40,1059860,0.6,40,60,40,40,90,water,,12.4,1,False
Oricorio,70,5120,70,45.0,Dancing Pokémon,70,1000000,0.6,75,741,98,70,93,fire,flying,3.4,7,False
Golurk,124,6400,70,90.0,Automaton Pokémon,80,1000000,2.8,89,623,55,80,55,ground,ghost,330.0,5,False
Armaldo,125,7680,70,45.0,Plate Pokémon,100,600000,1.5,75,348,70,80,45,rock,bug,68.2,3,False
Electabuzz,83,6400,70,45.0,Electric Pokémon,57,1000000,1.1,65,125,95,85,105,electric,,30.0,1,False
Ursaring,130,5120,70,60.0,Hibernator Pokémon,75,1000000,1.8,90,217,75,75,55,normal,,125.8,2,False
Bewear,125,3840,70,70.0,Strong Arm Pokémon,80,1000000,2.1,120,760,55,60,60,normal,fighting,135.0,7,False
Charizard,104,5120,70,45.0,Flame Pokémon,78,1059860,1.7,78,6,159,115,100,fire,flying,90.5,1,False
Vanillite,50,5120,70,255.0,Fresh Snow Pokémon,50,1250000,0.4,36,582,65,60,44,ice,,5.7,5,False
Floette,65,5120,70,120.0,Fairy Pokémon,67,1000000,0.2,74,670,125,128,92,fairy,,0.9,6,False
Happiny,5,10240,140,130.0,Playhouse Pokémon,5,800000,0.6,100,440,15,65,30,normal,,24.4,4,False
Deino,65,10240,35,45.0,Irate Pokémon,50,1250000,0.8,52,633,45,50,38,dark,dragon,17.3,5,False
Hoothoot,30,3840,70,255.0,Owl Pokémon,30,1000000,0.7,60,163,36,56,50,normal,flying,21.2,2,False
Volcarona,60,10240,70,15.0,Sun Pokémon,65,1250000,1.6,85,637,135,105,100,bug,fire,46.0,5,False
Sylveon,65,8960,70,45.0,Intertwining Pokémon,65,1000000,1.0,95,700,110,130,60,fairy,,23.5,6,False
Finneon,49,5120,70,190.0,Wing Fish Pokémon,56,600000,0.4,49,456,49,61,66,water,,7.0,4,False
Rufflet,83,5120,70,190.0,Eaglet Pokémon,50,1250000,0.5,70,627,37,50,60,normal,flying,10.5,5,False
Karrablast,75,3840,70,200.0,Clamping Pokémon,45,1000000,0.5,50,588,40,45,60,bug,,5.9,5,False
Lotad,30,3840,70,255.0,Water Weed Pokémon,30,1059860,0.5,40,270,40,50,30,water,grass,2.6,3,False
Lapras,85,10240,70,45.0,Transport Pokémon,80,1250000,2.5,130,131,85,95,60,water,ice,220.0,1,False
Poliwhirl,65,5120,70,120.0,Tadpole Pokémon,65,1059860,1.0,65,61,50,50,90,water,,20.0,1,False
Sawsbuck,100,5120,70,75.0,Season Pokémon,70,1000000,1.9,80,586,60,70,95,normal,grass,92.5,5,False
Piloswine,100,5120,70,75.0,Swine Pokémon,80,1250000,1.1,100,221,60,60,50,ice,ground,55.8,2,False
Litten,65,3840,70,45.0,Fire Cat Pokémon,40,1059860,0.4,45,725,60,40,70,fire,,4.3,7,False
Clauncher,53,3840,70,225.0,Water Gun Pokémon,62,1250000,0.5,50,692,58,63,44,water,,8.3,6,False
Zoroark,105,5120,70,45.0,Illusion Fox Pokémon,60,1059860,1.6,60,571,120,60,105,dark,,81.1,5,False
Garbodor,95,5120,70,60.0,Trash Heap Pokémon,82,1000000,1.9,80,569,60,82,75,poison,,107.3,5,False
Deerling,60,5120,70,190.0,Season Pokémon,50,1000000,0.6,60,585,40,50,75,normal,grass,19.5,5,False
Illumise,47,3840,70,150.0,Firefly Pokémon,75,1640000,0.6,65,314,73,85,85,bug,,17.7,3,False
Unfezant,115,3840,70,45.0,Proud Pokémon,80,1059860,1.2,80,521,65,55,93,normal,flying,29.0,5,False
Manaphy,100,2560,70,3.0,Seafaring Pokémon,100,1250000,0.3,100,490,100,100,100,water,,1.4,4,True
Glaceon,60,8960,35,45.0,Fresh Snow Pokémon,110,1000000,0.8,65,471,130,95,65,ice,,25.9,4,False
Vikavolt,70,3840,70,45.0,Stag Beetle Pokémon,90,1000000,1.5,77,738,145,75,43,bug,electric,45.0,7,False
Xatu,75,5120,70,75.0,Mystic Pokémon,70,1000000,1.5,65,178,95,70,95,psychic,flying,15.0,2,False
Galvantula,77,5120,70,75.0,EleSpider Pokémon,60,1000000,0.8,70,596,97,60,108,bug,electric,14.3,5,False
Fraxure,117,10240,35,60.0,Axe Jaw Pokémon,70,1250000,1.0,66,611,40,50,67,dragon,,36.0,5,False
Exeggcute,40,5120,70,90.0,Egg Pokémon,80,1250000,0.4,60,102,60,45,40,grass,psychic,2.5,1,False
Baltoy,40,5120,70,255.0,Clay Doll Pokémon,55,1000000,0.5,40,343,40,70,55,ground,psychic,21.5,3,False
Zebstrika,100,5120,70,75.0,Thunderbolt Pokémon,63,1000000,1.6,75,523,80,63,116,electric,,79.5,5,False
Loudred,71,5120,70,120.0,Big Voice Pokémon,43,1059860,1.0,84,294,71,43,48,normal,,40.5,3,False
Cofagrigus,50,6400,70,90.0,Coffin Pokémon,145,1000000,1.7,58,563,95,105,30,ghost,,76.5,5,False
Cubone,50,5120,70,190.0,Lonely Pokémon,95,1000000,0.4,50,104,40,50,35,ground,,6.5,1,False
Virizion,90,20480,35,3.0,Grassland Pokémon,72,1250000,2.0,91,640,90,129,108,grass,fighting,200.0,5,True
Groudon,180,30720,0,3.0,Continent Pokémon,160,1250000,3.5,100,383,150,90,90,ground,,950.0,3,True
Sunkern,30,5120,70,235.0,Seed Pokémon,30,1059860,0.3,30,191,30,30,30,grass,,1.8,2,False
Lurantis,105,5120,70,75.0,Bloom Sickle Pokémon,90,1000000,0.9,70,754,80,90,45,grass,,18.5,7,False
Quilladin,78,5120,70,45.0,Spiny Armor Pokémon,95,1059860,0.7,61,651,56,58,57,grass,,29.0,6,False
Lunala,113,30720,0,45.0,Moone Pokémon,89,1250000,4.0,137,792,137,107,97,psychic,ghost,120.0,7,True
Infernape,104,5120,70,45.0,Flame Pokémon,71,1059860,1.2,76,392,104,71,108,fire,fighting,55.0,4,False
Exploud,91,5120,70,45.0,Loud Noise Pokémon,63,1059860,1.5,104,295,91,73,68,normal,,84.0,3,False
Zubat,45,3840,70,255.0,Bat Pokémon,35,1000000,0.8,40,41,30,40,55,poison,flying,7.5,1,False
Tapu Lele,85,3840,70,3.0,Land Spirit Pokémon,75,1250000,1.2,70,786,130,115,95,psychic,fairy,18.6,7,True
Hakamo-o,75,10240,70,45.0,Scaly Pokémon,90,1250000,1.2,55,783,65,70,65,dragon,fighting,47.0,7,False
Floatzel,105,5120,70,75.0,Sea Weasel Pokémon,55,1000000,1.1,85,419,85,50,115,water,,33.5,4,False
Gurdurr,105,5120,70,90.0,Muscular Pokémon,85,1059860,1.2,85,533,40,50,40,fighting,,40.0,5,False
Kricketot,25,3840,70,255.0,Cricket Pokémon,41,1059860,0.3,37,401,25,41,25,bug,,2.2,4,False
Terrakion,129,20480,35,3.0,Cavern Pokémon,90,1250000,1.9,91,639,72,90,108,rock,fighting,260.0,5,True
Roggenrola,75,3840,70,255.0,Mantle Pokémon,85,1059860,0.4,55,524,25,25,15,rock,,18.0,5,False
Masquerain,60,3840,70,75.0,Eyeball Pokémon,62,1000000,0.8,70,284,100,82,80,bug,flying,3.6,3,False
Crabominable,132,5120,70,60.0,Woolly Crab Pokémon,77,1000000,1.7,97,740,62,67,43,fighting,ice,180.0,7,False
Dusknoir,100,6400,35,45.0,Gripper Pokémon,135,800000,2.2,45,477,65,135,45,ghost,,106.6,4,False
Gastrodon,83,5120,70,75.0,Sea Slug Pokémon,68,1000000,0.9,111,423,92,82,39,water,ground,29.9,4,False
Riolu,70,6400,70,75.0,Emanation Pokémon,40,1059860,0.7,40,447,35,40,60,fighting,,20.2,4,False
Kangaskhan,125,5120,70,45.0,Parent Pokémon,100,1000000,2.2,105,115,60,100,100,normal,,80.0,1,False
Treecko,45,5120,70,45.0,Wood Gecko Pokémon,35,1059860,0.5,40,252,65,55,70,grass,,5.0,3,False
Darumaka,90,5120,70,120.0,Zen Charm Pokémon,45,1059860,0.6,70,554,15,45,50,fire,,37.5,5,False
Wartortle,63,5120,70,45.0,Turtle Pokémon,80,1059860,1.0,59,8,65,80,58,water,,22.5,1,False
Azumarill,50,2560,70,75.0,Aquarabbit Pokémon,80,800000,0.8,100,184,60,80,50,water,fairy,28.5,2,False
Swirlix,48,5120,70,200.0,Cotton Candy Pokémon,66,1000000,0.4,62,684,59,57,49,fairy,,3.5,6,False
Shiinotic,45,5120,70,75.0,Illuminating Pokémon,80,1000000,1.0,60,756,90,100,30,grass,fairy,11.5,7,False
Spoink,25,5120,70,255.0,Bounce Pokémon,35,800000,0.7,60,325,70,80,60,psychic,,30.6,3,False
Pyukumuku,60,3840,70,60.0,Sea Cucumber Pokémon,130,800000,0.3,55,771,30,130,5,water,,1.2,7,False
Rhydon,130,5120,70,60.0,Drill Pokémon,120,1250000,1.9,105,112,45,45,40,ground,rock,120.0,1,False
Lileep,41,7680,70,45.0,Sea Lily Pokémon,77,600000,1.0,66,345,61,87,23,rock,grass,23.8,3,False
Steelix,125,6400,70,25.0,Iron Snake Pokémon,230,1000000,9.2,75,208,55,95,30,steel,ground,400.0,2,False
Palossand,75,3840,70,60.0,Sand Castle Pokémon,110,1000000,1.3,85,770,100,75,35,ghost,ground,250.0,7,False
Ralts,25,5120,35,235.0,Feeling Pokémon,25,1250000,0.4,28,280,45,35,40,psychic,fairy,6.6,3,False
Buzzwole,139,30720,0,25.0,Swollen Pokémon,139,1250000,2.4,107,794,53,53,79,bug,fighting,333.6,7,True
Wailmer,70,10240,70,125.0,Ball Whale Pokémon,35,1640000,2.0,130,320,70,35,60,water,,130.0,3,False
Jellicent,60,5120,70,60.0,Floating Pokémon,70,1000000,2.2,100,593,85,105,60,water,ghost,135.0,5,False
Stunky,63,5120,70,225.0,Skunk Pokémon,47,1000000,0.4,63,434,41,41,74,poison,dark,19.2,4,False
Yungoos,70,3840,70,255.0,Loitering Pokémon,30,1000000,0.4,48,734,30,30,45,normal,,6.0,7,False
Morelull,35,5120,70,190.0,Illuminating Pokémon,55,1000000,0.2,40,755,65,75,15,grass,fairy,1.5,7,False
Buizel,65,5120,70,190.0,Sea Weasel Pokémon,35,1000000,0.7,55,418,60,30,85,water,,29.5,4,False
Hippowdon,112,7680,70,60.0,Heavyweight Pokémon,118,1250000,2.0,108,450,68,72,47,ground,,300.0,4,False
Nidoran♀,47,5120,70,235.0,Poison Pin Pokémon,52,1059860,0.4,55,29,40,40,41,poison,,7.0,1,False
Samurott,100,5120,70,45.0,Formidable Pokémon,85,1059860,1.5,95,503,108,70,70,water,,94.6,5,False
Omanyte,40,7680,70,45.0,Spiral Pokémon,100,1000000,0.4,35,138,90,55,35,rock,water,7.5,1,False
Blaziken,160,5120,70,45.0,Blaze Pokémon,80,1059860,1.9,80,257,130,80,100,fire,fighting,52.0,3,False
Golbat,80,3840,70,90.0,Bat Pokémon,70,1000000,1.6,75,42,65,75,90,poison,flying,55.0,1,False
Dratini,64,10240,35,45.0,Dragon Pokémon,45,1250000,1.8,41,147,50,50,50,dragon,,3.3,1,False
Meganium,82,5120,70,45.0,Herb Pokémon,100,1059860,1.8,80,154,83,100,80,grass,,100.5,2,False
Delphox,69,5120,70,45.0,Fox Pokémon,72,1059860,1.5,75,655,114,100,104,fire,psychic,39.0,6,False
Corphish,80,3840,70,205.0,Ruffian Pokémon,65,1640000,0.6,43,341,50,35,35,water,,11.5,3,False
Araquanid,70,3840,70,100.0,Water Bubble Pokémon,92,1000000,1.8,68,752,50,132,42,water,bug,82.0,7,False
Cleffa,25,2560,140,150.0,Star Shape Pokémon,28,800000,0.3,50,173,45,55,15,fairy,,3.0,2,False
Xurkitree,89,30720,0,30.0,Glowing Pokémon,71,1250000,3.8,83,796,173,71,83,electric,,100.0,7,True
Doduo,85,5120,70,190.0,Twin Bird Pokémon,45,1000000,1.4,35,84,35,35,75,normal,flying,39.2,1,False
Basculin,92,10240,70,25.0,Hostile Pokémon,65,1000000,1.0,70,550,80,55,98,water,,18.0,5,False
Bidoof,45,3840,70,255.0,Plump Mouse Pokémon,40,1000000,0.5,59,399,35,40,31,normal,,20.0,4,False
Krookodile,117,5120,70,45.0,Intimidation Pokémon,80,1059860,1.5,95,553,65,70,92,ground,dark,96.3,5,False
Spinarak,60,3840,70,255.0,String Spit Pokémon,40,800000,0.5,40,167,40,40,30,bug,poison,8.5,2,False
Girafarig,80,5120,70,60.0,Long Neck Pokémon,65,1000000,1.5,70,203,90,65,85,normal,psychic,41.5,2,False
Pangoro,124,6400,70,65.0,Daunting Pokémon,78,1000000,2.1,95,675,69,71,58,fighting,dark,136.0,6,False
Butterfree,45,3840,70,45.0,Butterfly Pokémon,50,1000000,1.1,60,12,90,80,70,bug,flying,32.0,1,False
Altaria,110,5120,70,45.0,Humming Pokémon,110,600000,1.1,75,334,110,105,80,dragon,flying,20.6,3,False
Electrode,50,5120,70,60.0,Ball Pokémon,70,1000000,1.2,60,101,80,80,150,electric,,66.6,1,False
Phanpy,60,5120,70,120.0,Long Nose Pokémon,60,1000000,0.5,90,231,40,40,40,ground,,33.5,2,False
Vileplume,80,5120,70,45.0,Flower Pokémon,85,1059860,1.2,75,45,110,90,50,grass,poison,18.6,1,False
Kyurem,120,30720,0,3.0,Boundary Pokémon,90,1250000,3.0,125,646,170,100,95,dragon,ice,325.0,5,True
Beautifly,70,3840,70,45.0,Butterfly Pokémon,50,1000000,1.0,60,267,100,50,65,bug,flying,28.4,3,False
Kommo-o,110,10240,70,45.0,Scaly Pokémon,125,1250000,1.6,75,784,100,105,85,dragon,fighting,78.2,7,False
Zorua,65,6400,70,75.0,Tricky Fox Pokémon,40,1059860,0.7,40,570,80,40,65,dark,,12.5,5,False
Wormadam,69,3840,70,45.0,Bagworm Pokémon,95,1000000,0.5,60,413,69,95,36,bug,grass,6.5,4,False
Boldore,105,3840,70,120.0,Ore Pokémon,105,1059860,0.9,70,525,50,40,20,rock,,102.0,5,False
Meloetta,128,30720,100,3.0,Melody Pokémon,90,1250000,0.6,100,648,77,77,128,normal,psychic,6.5,5,True
Sandile,72,5120,70,180.0,Desert Croc Pokémon,35,1059860,0.7,50,551,35,35,65,ground,dark,15.2,5,False
Farfetch'd,90,5120,70,45.0,Wild Duck Pokémon,55,1000000,0.8,52,83,58,62,60,normal,flying,15.0,1,False
Nosepass,45,5120,70,255.0,Compass Pokémon,135,1000000,1.0,30,299,45,90,30,rock,,97.0,3,False
Shelgon,95,10240,35,45.0,Endurance Pokémon,100,1250000,1.1,65,372,60,50,50,dragon,,110.5,3,False
Yanmega,76,5120,70,30.0,Ogre Darner Pokémon,86,1000000,1.9,86,469,116,56,95,bug,flying,51.5,4,False
Granbull,120,5120,70,75.0,Fairy Pokémon,75,800000,1.4,90,210,60,60,45,fairy,,48.7,2,False
Grovyle,65,5120,70,45.0,Wood Gecko Pokémon,45,1059860,0.9,50,253,85,65,95,grass,,21.6,3,False
Swoobat,57,3840,70,45.0,Courting Pokémon,55,1000000,0.9,67,528,77,55,114,psychic,flying,10.5,5,False
Grubbin,62,3840,70,255.0,Larva Pokémon,45,1000000,0.4,47,736,55,45,46,bug,,4.4,7,False
Lairon,90,8960,35,90.0,Iron Armor Pokémon,140,1250000,0.9,60,305,50,50,40,steel,rock,120.0,3,False
Kecleon,90,5120,70,200.0,Color Swap Pokémon,70,1059860,1.0,60,352,60,120,40,normal,,22.0,3,False
Psyduck,52,5120,70,190.0,Duck Pokémon,48,1000000,0.8,50,54,65,50,55,water,,19.6,1,False
Gulpin,43,5120,70,225.0,Stomach Pokémon,53,1640000,0.4,70,316,43,53,40,poison,,10.3,3,False
Wobbuffet,33,5120,70,45.0,Patient Pokémon,58,1000000,1.3,190,202,33,58,33,psychic,,28.5,2,False
Lickilicky,85,5120,70,30.0,Licking Pokémon,95,1000000,1.7,110,463,80,95,50,normal,,140.0,4,False
Chespin,61,5120,70,45.0,Spiky Nut Pokémon,65,1059860,0.4,56,650,48,45,38,grass,,9.0,6,False
Giratina,120,30720,0,3.0,Renegade Pokémon,100,1250000,4.5,150,487,120,100,90,ghost,dragon,750.0,4,True
Suicune,75,20480,35,3.0,Aurora Pokémon,115,1250000,2.0,100,245,90,115,85,water,,187.0,2,True
Inkay,54,5120,70,190.0,Revolving Pokémon,53,1000000,0.4,53,686,37,46,45,dark,psychic,3.5,6,False
Alakazam,50,5120,70,50.0,Psi Pokémon,65,1059860,1.5,55,65,175,105,150,psychic,,48.0,1,False
Latias,100,30720,90,3.0,Eon Pokémon,120,1250000,1.4,80,380,140,150,110,dragon,psychic,40.0,3,True
Popplio,54,3840,70,45.0,Sea Lion Pokémon,54,1059860,0.4,50,728,66,56,40,water,,7.5,7,False
Magby,75,6400,70,45.0,Live Coal Pokémon,37,1000000,0.7,45,240,70,55,83,fire,,21.4,2,False
Aerodactyl,135,8960,70,45.0,Fossil Pokémon,85,1250000,1.8,80,142,70,95,150,rock,flying,59.0,1,False
Drifblim,80,7680,70,60.0,Blimp Pokémon,44,1640000,1.2,150,426,90,54,80,ghost,flying,15.0,4,False
Clawitzer,73,3840,70,55.0,Howitzer Pokémon,88,1250000,1.3,71,693,120,89,59,water,,35.3,6,False
Slowbro,75,5120,70,75.0,Hermit Crab Pokémon,180,1000000,1.6,95,80,130,80,30,water,psychic,78.5,1,False
Komala,115,5120,70,45.0,Drowsing Pokémon,65,1250000,0.4,65,775,75,95,65,normal,,19.9,7,False
Feebas,15,5120,70,255.0,Fish Pokémon,20,600000,0.6,20,349,10,55,80,water,,7.4,3,False
Vanilluxe,95,5120,70,45.0,Snowstorm Pokémon,85,1250000,1.3,71,584,110,95,79,ice,,57.5,5,False
Probopass,55,5120,70,60.0,Compass Pokémon,145,1000000,1.4,60,476,75,150,40,rock,steel,340.0,4,False
Heliolisk,55,5120,70,75.0,Generator Pokémon,52,1000000,1.0,62,695,109,94,109,electric,normal,21.0,6,False
Frillish,40,5120,70,190.0,Floating Pokémon,50,1000000,1.2,55,592,65,85,40,water,ghost,33.0,5,False
Hitmontop,95,6400,70,45.0,Handstand Pokémon,95,1000000,1.4,50,237,35,110,70,fighting,,48.0,2,False
Goodra,100,10240,35,45.0,Dragon Pokémon,70,1250000,2.0,90,706,110,150,80,dragon,,150.5,6,False
Nidorina,62,5120,70,120.0,Poison Pin Pokémon,67,1059860,0.8,70,30,55,55,56,poison,,20.0,1,False
Umbreon,65,8960,35,45.0,Moonlight Pokémon,110,1000000,1.0,95,197,60,130,65,dark,,27.0,2,False
Munna,25,2560,70,190.0,Dream Eater Pokémon,45,800000,0.6,76,517,67,55,24,psychic,,23.3,5,False
Froslass,80,5120,70,75.0,Snow Land Pokémon,70,1000000,1.3,70,478,80,70,110,ice,ghost,26.6,4,False
Abra,20,5120,70,200.0,Psi Pokémon,15,1059860,0.9,25,63,105,55,90,psychic,,19.5,1,False
Pineco,65,5120,70,190.0,Bagworm Pokémon,90,1000000,0.6,50,204,35,35,15,bug,,7.2,2,False
Weepinbell,90,5120,70,120.0,Flycatcher Pokémon,50,1059860,1.0,65,70,85,45,55,grass,poison,6.4,1,False
Wooper,45,5120,70,255.0,Water Fish Pokémon,45,1000000,0.4,55,194,25,25,15,water,ground,8.5,2,False
Arcanine,110,5120,70,75.0,Legendary Pokémon,80,1250000,1.9,90,59,100,80,95,fire,,155.0,1,False
Magcargo,50,5120,70,75.0,Lava Pokémon,120,1000000,0.8,60,219,90,80,30,fire,rock,55.0,2,False
Feraligatr,105,5120,70,45.0,Big Jaw Pokémon,100,1059860,2.3,85,160,79,83,78,water,,88.8,2,False
Conkeldurr,140,5120,70,45.0,Muscular Pokémon,95,1059860,1.4,105,534,55,65,45,fighting,,87.0,5,False
Greninja,145,5120,70,45.0,Ninja Pokémon,67,1059860,1.5,72,658,153,71,132,water,dark,40.0,6,False
Toucannon,120,3840,70,45.0,Cannon Pokémon,75,1000000,1.1,80,733,75,75,60,normal,flying,26.0,7,False
Munchlax,85,10240,70,50.0,Big Eater Pokémon,40,1250000,0.6,135,446,40,85,5,normal,,105.0,4,False
Oddish,50,5120,70,255.0,Weed Pokémon,55,1059860,0.5,45,43,75,65,30,grass,poison,5.4,1,False
Chinchou,38,5120,70,190.0,Angler Pokémon,38,1250000,0.5,75,170,56,56,67,water,electric,12.0,2,False
Rayquaza,180,30720,0,45.0,Sky High Pokémon,100,1250000,7.0,105,384,180,100,115,dragon,flying,206.5,3,True
Scrafty,90,3840,70,90.0,Hoodlum Pokémon,115,1000000,1.1,65,560,45,115,58,dark,fighting,30.0,5,False
Gourgeist,100,5120,70,60.0,Pumpkin Pokémon,122,1000000,1.7,85,711,58,75,54,ghost,grass,39.0,6,False
Type: Null,95,30720,0,3.0,Synthetic Pokémon,95,1250000,1.9,95,772,95,95,59,normal,,120.5,7,False
Onix,45,6400,70,45.0,Rock Snake Pokémon,160,1000000,8.8,35,95,30,45,70,rock,ground,210.0,1,False
Remoraid,65,5120,70,190.0,Jet Pokémon,35,1000000,0.6,35,223,65,35,65,water,,12.0,2,False
Voltorb,30,5120,70,190.0,Ball Pokémon,50,1000000,0.5,40,100,55,55,100,electric,,10.4,1,False
Glalie,120,5120,70,75.0,Face Pokémon,80,1000000,1.5,80,362,120,80,100,ice,,256.5,3,False
Trevenant,110,5120,70,60.0,Elder Tree Pokémon,76,1000000,1.5,85,709,65,82,56,ghost,grass,71.0,6,False
Dustox,50,3840,70,45.0,Poison Moth Pokémon,70,1000000,1.2,60,269,50,90,65,bug,poison,31.6,3,False
Drilbur,85,5120,70,120.0,Mole Pokémon,40,1000000,0.3,60,529,30,45,68,ground,,8.5,5,False
Skiddo,65,5120,70,200.0,Mount Pokémon,48,1000000,0.9,66,672,62,57,52,grass,,31.0,6,False
Scraggy,75,3840,35,180.0,Shedding Pokémon,70,1000000,0.6,50,559,35,70,48,dark,fighting,11.8,5,False
Venipede,45,3840,70,255.0,Centipede Pokémon,59,1059860,0.4,30,543,30,39,57,bug,poison,5.3,5,False
Kabuto,80,7680,70,45.0,Shellfish Pokémon,90,1000000,0.5,30,140,55,45,55,rock,water,11.5,1,False
Latios,130,30720,90,3.0,Eon Pokémon,100,1250000,2.0,80,381,160,120,110,dragon,psychic,60.0,3,True
Gengar,65,5120,70,45.0,Shadow Pokémon,80,1059860,1.5,60,94,170,95,130,ghost,poison,40.5,1,False
Typhlosion,84,5120,70,45.0,Volcano Pokémon,78,1059860,1.7,78,157,109,85,100,fire,,79.5,2,False
Seaking,92,5120,70,60.0,Goldfish Pokémon,65,1000000,1.3,80,119,65,80,68,water,,39.0,1,False
Poochyena,55,3840,70,255.0,Bite Pokémon,35,1000000,0.5,35,261,30,30,35,dark,,13.6,3,False
Sentret,46,3840,70,255.0,Scout Pokémon,34,1000000,0.8,35,161,35,45,20,normal,,6.0,2,False
Cottonee,27,5120,70,190.0,Cotton Puff Pokémon,60,1000000,0.3,40,546,37,50,66,grass,fairy,0.6,5,False
Miltank,80,5120,70,45.0,Milk Cow Pokémon,105,1250000,1.2,95,241,40,70,100,normal,,75.5,2,False
Pachirisu,45,2560,100,200.0,EleSquirrel Pokémon,70,1000000,0.4,60,417,45,90,95,electric,,3.9,4,False
Honchkrow,125,5120,35,30.0,Big Boss Pokémon,52,1059860,0.9,100,430,105,52,71,dark,flying,27.3,4,False
Regigigas,160,30720,0,3.0,Colossal Pokémon,110,1250000,3.7,110,486,80,110,100,normal,,420.0,4,True
Combusken,85,5120,70,45.0,Young Fowl Pokémon,60,1059860,0.9,60,256,85,60,55,fire,fighting,19.5,3,False
Walrein,80,5120,70,45.0,Ice Break Pokémon,90,1059860,1.4,110,365,95,90,65,ice,water,150.6,3,False
Monferno,78,5120,70,45.0,Playful Pokémon,52,1059860,0.9,64,391,78,52,81,fire,fighting,22.0,4,False
Taillow,55,3840,70,200.0,TinySwallow Pokémon,30,1059860,0.3,40,276,30,30,85,normal,flying,2.3,3,False
Gogoat,100,5120,70,45.0,Mount Pokémon,62,1000000,1.7,123,673,97,81,68,grass,,91.0,6,False
Comfey,52,5120,70,60.0,Posy Picker Pokémon,90,800000,0.1,51,764,82,110,100,fairy,,0.3,7,False
Jynx,50,6400,70,45.0,Humanshape Pokémon,35,1000000,1.4,65,124,115,95,95,ice,psychic,40.6,1,False
Amaura,59,7680,70,45.0,Tundra Pokémon,50,1000000,1.3,77,698,67,63,46,rock,ice,25.2,6,False
Koffing,65,5120,70,190.0,Poison Gas Pokémon,95,1000000,0.6,40,109,60,45,35,poison,,1.0,1,False
Swellow,85,3840,70,45.0,Swallow Pokémon,60,1059860,0.7,60,277,75,50,125,normal,flying,19.8,3,False
Vibrava,70,5120,70,120.0,Vibration Pokémon,50,1059860,1.1,50,329,50,50,70,ground,dragon,15.3,3,False
Shiftry,100,3840,70,45.0,Wickid Pokémon,60,1059860,1.3,90,275,90,60,80,grass,dark,59.6,3,False
Crabrawler,82,5120,70,225.0,Boxing Pokémon,57,1000000,0.6,47,739,42,47,63,fighting,,7.0,7,False
Horsea,40,5120,70,225.0,Dragon Pokémon,70,1000000,0.4,30,116,70,25,60,water,,8.0,1,False
Unown,72,10240,70,225.0,Symbol Pokémon,48,1000000,0.5,48,201,72,48,48,psychic,,5.0,2,False
Hitmonchan,105,6400,70,45.0,Punching Pokémon,79,1000000,1.4,50,107,35,110,76,fighting,,50.2,1,False
Snubbull,80,5120,70,190.0,Fairy Pokémon,50,800000,0.6,60,209,40,40,30,fairy,,7.8,2,False
Kartana,181,30720,0,255.0,Drawn Sword Pokémon,131,1250000,0.3,59,798,59,31,109,grass,steel,0.1,7,True
Slakoth,60,3840,70,255.0,Slacker Pokémon,60,1250000,0.8,60,287,35,35,30,normal,,24.0,3,False
Pansear,53,5120,70,190.0,High Temp Pokémon,48,1000000,0.6,50,513,53,48,64,fire,,11.0,5,False
Maractus,86,5120,70,255.0,Cactus Pokémon,67,1000000,1.0,75,556,106,67,60,grass,,28.0,5,False
Espurr,48,5120,70,190.0,Restraint Pokémon,54,1000000,0.3,62,677,63,60,68,psychic,,3.5,6,False
Cherrim,60,5120,70,75.0,Blossom Pokémon,70,1000000,0.5,70,421,87,78,85,grass,,9.3,4,False
Doublade,110,5120,70,90.0,Sword Pokémon,150,1000000,0.8,59,680,45,49,35,steel,ghost,4.5,6,False
Tsareena,120,5120,70,45.0,Fruit Pokémon,98,1059860,1.2,72,763,50,98,72,grass,,21.4,7,False
Wimpod,35,5120,70,90.0,Turn Tail Pokémon,40,1000000,0.5,25,767,20,30,80,bug,water,12.0,7,False
Tyrantrum,121,7680,70,45.0,Despot Pokémon,119,1000000,2.5,82,697,69,59,71,rock,dragon,270.0,6,False
Bagon,75,10240,35,45.0,Rock Head Pokémon,60,1250000,0.6,45,371,40,30,50,dragon,,42.1,3,False
Moltres,100,20480,35,3.0,Flame Pokémon,90,1250000,2.0,90,146,125,85,90,fire,flying,60.0,1,True
Quagsire,85,5120,70,90.0,Water Fish Pokémon,85,1000000,1.4,95,195,65,65,35,water,ground,75.0,2,False
Carvanha,90,5120,35,225.0,Savage Pokémon,20,1250000,0.8,45,318,65,20,65,water,dark,20.8,3,False
Beldum,55,10240,35,3.0,Iron Ball Pokémon,80,1250000,0.6,40,374,35,60,30,steel,psychic,95.2,3,False
Mew,100,30720,100,45.0,New Species Pokémon,100,1059860,0.4,100,151,100,100,100,psychic,,4.0,1,True
Gorebyss,84,5120,70,60.0,South Sea Pokémon,105,600000,1.8,55,368,114,75,52,water,,22.6,3,False
Excadrill,135,5120,70,60.0,Subterrene Pokémon,60,1000000,0.7,110,530,50,65,88,ground,steel,40.4,5,False
Mienfoo,85,6400,70,180.0,Martial Arts Pokémon,50,1059860,0.9,45,619,55,50,65,fighting,,20.0,5,False
Patrat,55,3840,70,255.0,Scout Pokémon,39,1000000,0.5,45,504,35,39,42,normal,,11.6,5,False
Houndoom,90,5120,35,45.0,Dark Pokémon,90,1250000,1.4,75,229,140,90,115,dark,fire,35.0,2,False
Uxie,75,20480,140,3.0,Knowledge Pokémon,130,1250000,0.3,75,480,75,130,95,psychic,,0.3,4,True
Passimian,120,5120,70,45.0,Teamwork Pokémon,90,1250000,2.0,100,766,40,60,80,fighting,,82.8,7,False
Luxio,85,5120,100,120.0,Spark Pokémon,49,1059860,0.9,60,404,60,49,60,electric,,30.5,4,False
Electrike,45,5120,70,120.0,Lightning Pokémon,40,1250000,0.6,40,309,65,40,65,electric,,15.2,3,False
Jolteon,65,8960,70,45.0,Lightning Pokémon,60,1000000,0.8,65,135,110,95,130,electric,,24.5,1,False
Clefable,70,2560,140,25.0,Fairy Pokémon,73,800000,1.3,95,36,95,90,60,fairy,,40.0,1,False
Goomy,50,10240,35,45.0,Soft Tissue Pokémon,35,1250000,0.3,45,704,55,75,40,dragon,,2.8,6,False
Ampharos,95,5120,70,45.0,Light Pokémon,105,1059860,1.4,90,181,165,110,45,electric,,61.5,2,False
Hippopotas,72,7680,70,140.0,Hippo Pokémon,78,1250000,0.8,68,449,38,42,32,ground,,49.5,4,False
Genesect,120,30720,0,3.0,Paleozoic Pokémon,95,1250000,1.5,71,649,120,95,99,bug,steel,82.5,5,True
Misdreavus,60,6400,35,45.0,Screech Pokémon,60,800000,0.7,60,200,85,85,85,ghost,,1.0,2,False
Absol,150,6400,35,30.0,Disaster Pokémon,60,1059860,1.2,65,359,115,60,115,dark,,47.0,3,False
Noibat,30,5120,70,190.0,Sound Wave Pokémon,35,1000000,0.5,40,714,45,40,55,flying,dragon,8.0,6,False
Talonflame,81,3840,70,45.0,Scorching Pokémon,71,1059860,1.2,78,663,74,69,126,fire,flying,24.5,6,False
Stufful,75,3840,70,140.0,Flailing Pokémon,50,1000000,0.5,70,759,45,50,50,normal,fighting,6.8,7,False
Swanna,87,5120,70,45.0,White Bird Pokémon,63,1000000,1.3,75,581,87,63,98,water,flying,24.2,5,False
Dusclops,70,6400,35,90.0,Beckon Pokémon,130,800000,1.6,40,356,60,130,25,ghost,,30.6,3,False
Torkoal,85,5120,70,90.0,Coal Pokémon,140,1000000,0.5,70,324,85,70,20,fire,,80.4,3,False
Chesnaught,107,5120,70,45.0,Spiny Armor Pokémon,122,1059860,1.6,88,652,74,75,64,grass,fighting,90.0,6,False
Vanillish,65,5120,70,120.0,Icy Snow Pokémon,65,1250000,1.1,51,583,80,75,59,ice,,41.0,5,False
Spheal,40,5120,70,255.0,Clap Pokémon,50,1059860,0.8,70,363,55,50,25,ice,water,39.5,3,False
Clefairy,45,2560,140,150.0,Fairy Pokémon,48,800000,0.6,70,35,60,65,35,fairy,,7.5,1,False
Donphan,120,5120,70,60.0,Armor Pokémon,120,1000000,1.1,90,232,60,60,50,ground,,120.0,2,False
Barbaracle,105,5120,70,45.0,Collective Pokémon,115,1000000,1.3,72,689,54,86,68,rock,water,96.0,6,False
Aron,70,8960,35,180.0,Iron Armor Pokémon,100,1250000,0.4,50,304,40,40,30,steel,rock,60.0,3,False
Purrloin,50,5120,70,255.0,Devious Pokémon,37,1000000,0.4,41,509,50,37,66,dark,,10.1,5,False
Cranidos,125,7680,70,45.0,Head Butt Pokémon,40,600000,0.9,67,408,30,30,58,rock,,31.5,4,False
Torchic,60,5120,70,45.0,Chick Pokémon,40,1059860,0.4,45,255,70,50,45,fire,,2.5,3,False
Growlithe,70,5120,70,190.0,Puppy Pokémon,45,1250000,0.7,55,58,70,50,60,fire,,19.0,1,False
Pancham,82,6400,70,220.0,Playful Pokémon,62,1000000,0.6,67,674,46,48,43,fighting,,8.0,6,False
Flaaffy,55,5120,70,120.0,Wool Pokémon,55,1059860,0.8,70,180,80,60,45,electric,,13.3,2,False
Electivire,123,6400,70,30.0,Thunderbolt Pokémon,67,1000000,1.8,75,466,95,85,95,electric,,138.6,4,False
Phantump,70,5120,70,120.0,Stump Pokémon,48,1000000,0.4,43,708,50,60,38,ghost,grass,7.0,6,False
Steenee,40,5120,70,120.0,Fruit Pokémon,48,1059860,0.7,52,762,40,48,62,grass,,8.2,7,False
Staraptor,120,3840,70,45.0,Predator Pokémon,70,1059860,1.2,85,398,50,60,100,normal,flying,24.9,4,False
Grotle,89,5120,70,45.0,Grove Pokémon,85,1059860,1.1,75,388,55,65,36,grass,,97.0,4,False
Emboar,123,5120,70,45.0,Mega Fire Pig Pokémon,65,1059860,1.6,110,500,100,65,65,fire,fighting,150.0,5,False
Solosis,30,5120,70,200.0,Cell Pokémon,40,1059860,0.3,45,577,105,50,20,psychic,,1.0,5,False
Hawlucha,92,5120,70,100.0,Wrestling Pokémon,75,1000000,0.8,78,701,74,63,118,fighting,flying,21.5,6,False
Servine,60,5120,70,45.0,Grass Snake Pokémon,75,1059860,0.8,60,496,60,75,83,grass,,16.0,5,False
Tentacool,40,5120,70,190.0,Jellyfish Pokémon,35,1250000,0.9,40,72,50,100,70,water,poison,45.5,1,False
Shuckle,10,5120,70,190.0,Mold Pokémon,230,1059860,0.6,20,213,10,230,5,bug,rock,20.5,2,False
Marill,20,2560,70,190.0,Aquamouse Pokémon,50,800000,0.4,70,183,20,50,40,water,fairy,8.5,2,False
Furfrou,80,5120,70,160.0,Poodle Pokémon,60,1000000,1.2,75,676,65,90,102,normal,,28.0,6,False
Zangoose,115,5120,70,90.0,Cat Ferret Pokémon,60,600000,1.3,73,335,60,60,90,normal,,40.3,3,False
Skitty,45,3840,70,255.0,Kitten Pokémon,45,800000,0.6,50,300,35,35,50,normal,,11.0,3,False
Porygon2,80,5120,70,45.0,Virtual Pokémon,90,1000000,0.6,85,233,105,95,60,normal,,32.5,2,False
Bouffalant,110,5120,70,45.0,Bash Buffalo Pokémon,95,1000000,1.6,95,626,40,95,55,normal,,94.6,5,False
Mantine,40,6400,70,25.0,Kite Pokémon,70,1250000,2.1,85,226,80,140,70,water,flying,220.0,2,False
Avalugg,117,5120,70,55.0,Iceberg Pokémon,184,1000000,2.0,95,713,44,46,28,ice,,505.0,6,False
Smoochum,30,6400,70,45.0,Kiss Pokémon,15,1000000,0.4,45,238,85,65,65,ice,psychic,6.0,2,False
Milotic,60,5120,70,60.0,Tender Pokémon,79,600000,6.2,95,350,100,125,81,water,,162.0,3,False
Frogadier,63,5120,70,45.0,Bubble Frog Pokémon,52,1059860,0.6,54,657,83,56,97,water,,10.9,6,False
Pansage,53,5120,70,190.0,Grass Monkey Pokémon,48,1000000,0.6,50,511,53,48,64,grass,,10.5,5,False
Mr. Mime,45,6400,70,45.0,Barrier Pokémon,65,1000000,1.3,40,122,100,120,90,psychic,fairy,54.5,1,False
Skuntank,93,5120,70,60.0,Skunk Pokémon,67,1000000,1.0,103,435,71,61,84,poison,dark,38.0,4,False
Kyogre,150,30720,0,3.0,Sea Basin Pokémon,90,1250000,4.5,100,382,180,160,90,water,,352.0,3,True
Kabutops,115,7680,70,45.0,Shellfish Pokémon,105,1000000,1.3,60,141,65,70,80,rock,water,40.5,1,False
Minccino,50,3840,70,255.0,Chinchilla Pokémon,40,800000,0.4,55,572,40,40,75,normal,,5.8,5,False
Croconaw,80,5120,70,45.0,Big Jaw Pokémon,80,1059860,1.1,65,159,59,63,58,water,,25.0,2,False
Rotom,65,5120,70,45.0,Plasma Pokémon,107,1000000,0.3,50,479,105,107,86,electric,ghost,0.3,4,False
Bayleef,62,5120,70,45.0,Leaf Pokémon,80,1059860,1.2,60,153,63,80,60,grass,,15.8,2,False
Gligar,75,5120,70,60.0,Flyscorpion Pokémon,105,1059860,1.1,65,207,35,65,85,ground,flying,64.8,2,False
Makuhita,60,5120,70,180.0,Guts Pokémon,30,1640000,1.0,72,296,20,30,25,fighting,,86.4,3,False
Squirtle,48,5120,70,45.0,Tiny Turtle Pokémon,65,1059860,0.5,44,7,50,64,43,water,,9.0,1,False
Nidoqueen,92,5120,70,45.0,Drill Pokémon,87,1059860,1.3,90,31,75,85,76,poison,ground,60.0,1,False
Crustle,105,5120,70,75.0,Stone Home Pokémon,125,1000000,1.4,70,558,65,75,45,bug,rock,200.0,5,False
Carnivine,100,6400,70,200.0,Bug Catcher Pokémon,72,1250000,1.4,74,455,90,72,46,grass,,27.0,4,False
Ditto,48,5120,70,35.0,Transform Pokémon,48,1000000,0.3,48,132,48,48,48,normal,,4.0,1,False
Snorunt,50,5120,70,190.0,Snow Hat Pokémon,50,1000000,0.7,50,361,50,50,50,ice,,16.8,3,False
Purugly,82,5120,70,75.0,Tiger Cat Pokémon,64,800000,1.0,71,432,64,59,112,normal,,43.8,4,False
Magmortar,95,6400,70,30.0,Blast Pokémon,67,1000000,1.6,75,467,125,95,83,fire,,68.0,4,False
Magneton,60,5120,70,60.0,Magnet Pokémon,95,1000000,1.0,50,82,120,70,70,electric,steel,60.0,1,False
Bronzong,89,5120,70,90.0,Bronze Bell Pokémon,116,1000000,1.3,67,437,79,116,33,steel,psychic,187.0,4,False
Golett,74,6400,70,190.0,Automaton Pokémon,50,1000000,1.0,59,622,35,50,35,ground,ghost,92.0,5,False
Slaking,160,3840,70,45.0,Lazy Pokémon,100,1250000,2.0,150,289,95,65,100,normal,,130.5,3,False
Burmy,29,3840,70,120.0,Bagworm Pokémon,45,1000000,0.2,40,412,29,45,36,bug,,3.4,4,False
Dewgong,70,5120,70,75.0,Sea Lion Pokémon,80,1000000,1.7,90,87,70,95,70,water,ice,120.0,1,False
Stunfisk,66,5120,70,75.0,Trap Pokémon,84,1000000,0.7,109,618,81,99,32,ground,electric,11.0,5,False
Gastly,35,5120,70,190.0,Gas Pokémon,30,1059860,1.3,30,92,100,35,80,ghost,poison,0.1,1,False
Blastoise,103,5120,70,45.0,Shellfish Pokémon,120,1059860,1.6,79,9,135,115,78,water,,85.5,1,False
Turtonator,78,5120,70,70.0,Blast Turtle Pokémon,135,1000000,2.0,60,776,91,85,36,fire,dragon,212.0,7,False
Spewpa,22,3840,70,120.0,Scatterdust Pokémon,60,1000000,0.3,45,665,27,30,29,bug,,8.4,6,False
Pelipper,50,5120,70,45.0,Water Bird Pokémon,100,1000000,1.2,60,279,95,70,65,water,flying,28.0,3,False
Stantler,95,5120,70,45.0,Big Horn Pokémon,62,1250000,1.4,73,234,85,65,85,normal,,71.2,2,False
Barboach,48,5120,70,190.0,Whiskers Pokémon,43,1000000,0.4,50,339,46,41,60,water,ground,1.9,3,False
Phione,80,10240,70,30.0,Sea Drifter Pokémon,80,1250000,0.4,80,489,80,80,80,water,,3.1,4,False
Trumbeak,85,3840,70,120.0,Bugle Beak Pokémon,50,1000000,0.6,55,732,40,50,75,normal,flying,14.8,7,False
Chimchar,58,5120,70,45.0,Chimp Pokémon,44,1059860,0.5,44,390,58,44,61,fire,,6.2,4,False
Luxray,120,5120,70,45.0,Gleam Eyes Pokémon,79,1059860,1.4,80,405,95,79,70,electric,,42.0,4,False
Quilava,64,5120,70,45.0,Volcano Pokémon,58,1059860,0.9,58,156,80,65,80,fire,,19.0,2,False
Cosmog,29,30720,0,45.0,Nebula Pokémon,31,1250000,0.2,43,789,29,31,37,psychic,,0.1,7,True
Drampa,60,5120,70,70.0,Placid Pokémon,85,1000000,3.0,78,780,135,91,36,normal,dragon,185.0,7,False
Camerupt,120,5120,70,150.0,Eruption Pokémon,100,1000000,1.9,70,323,145,105,20,fire,ground,220.0,3,False
Cherubi,35,5120,70,190.0,Cherry Pokémon,45,1000000,0.4,45,420,62,53,35,grass,,3.3,4,False
Breloom,130,3840,70,90.0,Mushroom Pokémon,80,1640000,1.2,60,286,60,60,70,grass,fighting,39.2,3,False
Litwick,30,5120,70,190.0,Candle Pokémon,55,1059860,0.3,50,607,65,55,20,ghost,fire,3.1,5,False
Elekid,63,6400,70,45.0,Electric Pokémon,37,1000000,0.6,45,239,65,55,95,electric,,23.5,2,False
Roserade,70,5120,70,75.0,Bouquet Pokémon,65,1059860,0.9,60,407,125,105,90,grass,poison,14.5,4,False
Joltik,47,5120,70,190.0,Attaching Pokémon,50,1000000,0.1,50,595,57,50,65,bug,electric,0.6,5,False
Lillipup,60,3840,70,255.0,Puppy Pokémon,45,1059860,0.4,45,506,25,45,55,normal,,4.1,5,False
Toxicroak,106,5120,70,75.0,Toxic Mouth Pokémon,65,1000000,1.3,83,454,86,65,85,poison,fighting,44.4,4,False
Beheeyem,75,5120,70,90.0,Cerebral Pokémon,75,1000000,1.0,75,606,125,95,40,psychic,,34.5,5,False
Incineroar,115,3840,70,45.0,Heel Pokémon,90,1059860,1.8,95,727,80,90,60,fire,dark,83.0,7,False
Bisharp,125,5120,35,45.0,Sword Blade Pokémon,100,1000000,1.6,65,625,60,70,70,dark,steel,70.0,5,False
Golisopod,125,5120,70,45.0,Hard Scale Pokémon,140,1000000,2.0,75,768,60,90,40,bug,water,108.0,7,False
Marshtomp,85,5120,70,45.0,Mud Fish Pokémon,70,1059860,0.7,70,259,60,70,50,water,ground,28.0,3,False
Mandibuzz,65,5120,35,60.0,Bone Vulture Pokémon,105,1250000,1.2,110,630,55,95,80,dark,flying,39.5,5,False
Togetic,40,2560,70,75.0,Happiness Pokémon,85,800000,0.6,55,176,80,105,40,fairy,flying,3.2,2,False
Wynaut,23,5120,70,125.0,Bright Pokémon,48,1000000,0.6,95,360,23,48,23,psychic,,14.0,3,False
Klink,55,5120,70,130.0,Gear Pokémon,70,1059860,0.3,40,599,45,60,30,steel,,21.0,5,False
Blitzle,60,5120,70,190.0,Electrified Pokémon,32,1000000,0.8,45,522,50,32,76,electric,,29.8,5,False
Tyrunt,89,7680,70,45.0,Royal Heir Pokémon,77,1000000,0.8,58,696,45,45,48,rock,dragon,26.0,6,False
Dunsparce,70,5120,70,190.0,Land Snake Pokémon,70,1000000,1.5,100,206,65,65,45,normal,,14.0,2,False
Nidoran♂,57,5120,70,235.0,Poison Pin Pokémon,40,1059860,0.5,46,32,40,40,50,poison,,9.0,1,False
Vullaby,55,5120,35,190.0,Diapered Pokémon,75,1250000,0.5,70,629,45,65,60,dark,flying,9.0,5,False
Meditite,40,5120,70,180.0,Meditate Pokémon,55,1000000,0.6,30,307,40,55,60,fighting,psychic,11.2,3,False
Alomomola,75,10240,70,75.0,Caring Pokémon,80,800000,1.2,165,594,40,45,65,water,,31.6,5,False
Parasect,95,5120,70,75.0,Mushroom Pokémon,80,1000000,1.0,60,47,60,80,30,bug,grass,29.5,1,False
Spearow,60,3840,70,255.0,Tiny Bird Pokémon,30,1000000,0.3,40,21,31,31,70,normal,flying,2.0,1,False
Tauros,100,5120,70,45.0,Wild Bull Pokémon,95,1250000,1.4,75,128,40,70,110,normal,,88.4,1,False
Eevee,55,8960,70,45.0,Evolution Pokémon,50,1000000,0.3,55,133,45,65,55,normal,,6.5,1,False
Slugma,40,5120,70,190.0,Lava Pokémon,40,1000000,0.7,40,218,70,40,20,fire,,35.0,2,False
Beartic,130,5120,70,60.0,Freezing Pokémon,80,1000000,2.6,95,614,70,80,50,ice,,260.0,5,False
Scyther,110,6400,70,45.0,Mantis Pokémon,80,1000000,1.5,70,123,55,80,105,bug,flying,56.0,1,False
Garchomp,170,10240,70,45.0,Mach Pokémon,115,1250000,1.9,108,445,120,95,92,dragon,ground,95.0,4,False
Kadabra,35,5120,70,100.0,Psi Pokémon,30,1059860,1.3,40,64,120,70,105,psychic,,56.5,1,False
Combee,30,3840,70,120.0,Tiny Bee Pokémon,42,1059860,0.3,30,415,30,42,70,bug,flying,5.5,4,False
Espeon,65,8960,70,45.0,Sun Pokémon,60,1000000,0.9,65,196,130,95,110,psychic,,26.5,2,False
Gabite,90,10240,70,45.0,Cave Pokémon,65,1250000,1.4,68,444,50,55,82,dragon,ground,56.0,4,False
Starmie,75,5120,70,60.0,Mysterious Pokémon,85,1250000,1.1,60,121,100,85,115,water,psychic,80.0,1,False
Crobat,90,3840,70,90.0,Bat Pokémon,80,1000000,1.8,85,169,70,80,130,poison,flying,75.0,2,False
Banette,165,6400,35,45.0,Marionette Pokémon,75,800000,1.1,64,354,93,83,75,ghost,,12.5,3,False
Mudsdale,125,5120,70,60.0,Draft Horse Pokémon,100,1000000,2.5,100,750,55,85,35,ground,,920.0,7,False
Spritzee,52,5120,70,200.0,Perfume Pokémon,60,1000000,0.2,78,682,63,65,23,fairy,,0.5,6,False
Venomoth,65,5120,70,75.0,Poison Moth Pokémon,60,1000000,1.5,70,49,90,75,90,bug,poison,12.5,1,False
Shaymin,103,30720,100,45.0,Gratitude Pokémon,75,1059860,0.2,100,492,120,75,127,grass,grass,2.1,4,True
Binacle,52,5120,70,120.0,Two-Handed Pokémon,67,1000000,0.5,42,688,39,56,50,rock,water,31.0,6,False
Skarmory,80,6400,70,25.0,Armor Bird Pokémon,140,1250000,1.7,65,227,40,70,70,steel,flying,50.5,2,False
Durant,109,5120,70,90.0,Iron Ant Pokémon,112,1000000,0.3,58,632,48,48,109,bug,steel,33.0,5,False
Ponyta,85,5120,70,190.0,Fire Horse Pokémon,55,1000000,1.0,50,77,65,65,90,fire,,30.0,1,False
Archen,112,7680,70,45.0,First Bird Pokémon,45,1000000,0.5,55,566,74,45,70,rock,flying,9.5,5,False
Tangrowth,100,5120,70,30.0,Vine Pokémon,125,1000000,2.0,100,465,110,50,50,grass,,128.6,4,False
Omastar,60,7680,70,45.0,Spiral Pokémon,125,1000000,1.0,70,139,115,70,55,rock,water,35.0,1,False
Druddigon,120,7680,70,45.0,Cave Pokémon,90,1000000,1.6,77,621,60,90,48,dragon,,139.0,5,False
Ribombee,55,5120,70,75.0,Bee Fly Pokémon,60,1000000,0.2,60,743,95,70,124,bug,fairy,0.5,7,False
Spiritomb,92,7680,70,100.0,Forbidden Pokémon,108,1000000,1.0,50,442,92,108,35,ghost,dark,108.0,4,False
Larvesta,85,10240,70,45.0,Torch Pokémon,55,1250000,1.1,55,636,50,55,60,bug,fire,28.8,5,False
Ledian,35,3840,70,90.0,Five Star Pokémon,50,800000,1.4,55,166,55,110,85,bug,flying,35.6,2,False
Medicham,100,5120,70,90.0,Meditate Pokémon,85,1000000,1.3,60,308,80,85,100,fighting,psychic,31.5,3,False
Staravia,75,3840,70,120.0,Starling Pokémon,50,1059860,0.6,55,397,40,40,80,normal,flying,15.5,4,False
Fennekin,45,5120,70,45.0,Fox Pokémon,40,1059860,0.4,40,653,62,60,60,fire,,9.4,6,False
Tangela,55,5120,70,45.0,Vine Pokémon,115,1000000,1.0,65,114,100,40,60,grass,,35.0,1,False
Heatran,90,2560,100,3.0,Lava Dome Pokémon,106,1250000,1.7,91,485,130,106,77,fire,steel,430.0,4,True
Numel,60,5120,70,255.0,Numb Pokémon,40,1000000,0.7,60,322,65,45,35,fire,ground,24.0,3,False
Deoxys,95,30720,0,3.0,DNA Pokémon,90,1250000,1.7,50,386,95,90,180,psychic,,60.8,3,True
Venonat,55,5120,70,190.0,Insect Pokémon,50,1000000,1.0,60,48,40,55,45,bug,poison,30.0,1,False
Mismagius,60,6400,35,45.0,Magical Pokémon,60,800000,0.9,60,429,105,105,105,ghost,,4.4,4,False
Rowlet,55,3840,70,45.0,Grass Quill Pokémon,55,1059860,0.3,68,722,50,50,42,grass,flying,1.5,7,False
Dragonite,134,10240,35,45.0,Dragon Pokémon,95,1250000,2.2,91,149,100,100,80,dragon,flying,210.0,1,False
Florges,65,5120,70,45.0,Garden Pokémon,68,1000000,1.1,78,671,112,154,75,fairy,,10.0,6,False
Musharna,55,2560,70,75.0,Drowsing Pokémon,85,800000,1.1,116,518,107,95,29,psychic,,60.5,5,False
Helioptile,38,5120,70,190.0,Generator Pokémon,33,1000000,0.5,44,694,61,43,70,electric,normal,6.0,6,False
Caterpie,30,3840,70,255.0,Worm Pokémon,35,1000000,0.3,45,10,20,20,45,bug,,2.9,1,False
Kirlia,35,5120,35,120.0,Emotion Pokémon,35,1250000,0.8,38,281,65,55,50,psychic,fairy,20.2,3,False
Silvally,95,30720,0,3.0,Synthetic Pokémon,95,1250000,2.3,95,773,95,95,95,normal,,100.5,7,False
Lickitung,55,5120,70,45.0,Licking Pokémon,75,1000000,1.2,90,108,60,75,30,normal,,65.5,1,False
Brionne,69,3840,70,45.0,Pop Star Pokémon,69,1059860,0.6,60,729,91,81,50,water,,17.5,7,False
Shelmet,40,3840,70,200.0,Snail Pokémon,85,1000000,0.4,50,616,40,65,25,bug,,7.7,5,False
Cutiefly,45,5120,70,190.0,Bee Fly Pokémon,40,1000000,0.1,40,742,55,40,84,bug,fairy,0.2,7,False
Togedemaru,98,2560,70,180.0,Roly-Poly Pokémon,63,1000000,0.3,65,777,40,73,96,electric,steel,3.3,7,False
Tentacruel,70,5120,70,60.0,Jellyfish Pokémon,65,1250000,1.6,80,73,80,120,100,water,poison,55.0,1,False
Shuppet,75,6400,35,225.0,Puppet Pokémon,35,800000,0.6,44,353,63,33,45,ghost,,2.3,3,False
Aurorus,77,7680,70,45.0,Tundra Pokémon,72,1000000,2.7,123,699,99,92,58,rock,ice,225.0,6,False
Slowpoke,65,5120,70,190.0,Dopey Pokémon,65,1000000,1.2,90,79,40,40,15,water,psychic,36.0,1,False
Jirachi,100,30720,100,3.0,Wish Pokémon,100,1250000,0.3,100,385,100,100,100,steel,psychic,1.1,3,True
Shedinja,90,3840,70,45.0,Shed Pokémon,45,600000,0.8,1,292,30,30,40,bug,ghost,1.2,3,False
Necrozma,107,30720,0,3.0,Prism Pokémon,101,1250000,2.4,97,800,127,89,79,psychic,,230.0,7,True
Zweilous,85,10240,35,45.0,Hostile Pokémon,70,1250000,1.4,72,634,65,70,58,dark,dragon,50.0,5,False
Flabébé,38,5120,70,225.0,Single Bloom Pokémon,39,1000000,0.1,44,669,61,79,42,fairy,,0.1,6,False
Mantyke,20,6400,70,25.0,Kite Pokémon,50,1250000,1.0,45,458,60,120,50,water,flying,65.0,4,False
Seismitoad,95,5120,70,45.0,Vibration Pokémon,75,1059860,1.5,105,537,85,75,74,water,ground,62.0,5,False
